<imbuements>
	<base id="1" name="Basic" price="5000" protectionPrice="10000" percent="90" removecost="15000" duration="72000" />
	<base id="2" name="Intricate" price="25000" protectionPrice="30000" percent="70" removecost="15000" duration="72000" />
	<base id="3" name="Powerful" price="100000" protectionPrice="50000" percent="50" removecost="15000" duration="72000" />
	<base id="4" name="Ultimate" price="1000000" protectionPrice="500000" percent="50" removecost="15000" duration="72000" />
	<!-- Category Names -->
	<category id="0" name="Elemental Damage" agressive="1" />
	<category id="1" name="Life Leech" agressive="1" />
	<category id="2" name="Mana Leech" agressive="1" />
	<category id="3" name="Critical Hit" agressive="1" />
	<category id="4" name="Elemental Protection (Death)" agressive="1" />
	<category id="5" name="Elemental Protection (Earth)" agressive="1" />
	<category id="6" name="Elemental Protection (Fire)" agressive="1" />
	<category id="7" name="Elemental Protection (Ice)" agressive="1" />
	<category id="8" name="Elemental Protection (Energy)" agressive="1" />
	<category id="9" name="Elemental Protection (Holy)" agressive="1" />
	<category id="10" name="Increase Speed" agressive="0" />
	<category id="11" name="Skillboost (Axe Fighting)" agressive="1" />
	<category id="12" name="Skillboost (Sword Fighting)" agressive="1" />
	<category id="13" name="Skillboost (Club Fighting)" agressive="1" />
	<category id="14" name="Skillboost (Shielding)" agressive="1" />
	<category id="15" name="Skillboost (Distance Fighting)" agressive="1" />
	<category id="16" name="Skillboost (Magic Level)" agressive="1" />
	<category id="17" name="Increase Capacity" agressive="0" />

	<!-- Damage Imbuement -->
	<imbuement name="Scorch" base="1" subgroup=" (Fire)" category="0" iconid="13" premium="0" storage="0" sound="2002">
		<attribute key="description" value="Converts 10% of the physical damage to fire damage." />
		<attribute key="effect" type="damage" combat="fire" value="10" />
		<attribute key="item" value="9636" count="0" />
	</imbuement>
	<imbuement name="Scorch" base="2" subgroup=" (Fire)" category="0" iconid="13" premium="1" storage="0">
		<attribute key="description" value="Converts 25% of the physical damage to fire damage." />
		<attribute key="effect" type="damage" combat="fire" value="25" />
		<attribute key="item" value="9636" count="0" />
		<attribute key="item" value="5920" count="0" />
	</imbuement>
	<imbuement name="Scorch" base="3" subgroup=" (Fire)" category="0" iconid="13" premium="1" storage="50494">
		<attribute key="description" value="Converts 50% of the physical damage to fire damage." />
		<attribute key="effect" type="damage" combat="fire" value="50" />
		<attribute key="item" value="9636" count="0" />
		<attribute key="item" value="5920" count="0" />
		<attribute key="item" value="5954" count="0" />
	</imbuement>
	<imbuement name="Venom" base="1" subgroup=" (Earth)" category="0" iconid="7" premium="0" storage="0">
		<attribute key="description" value="Converts 10% of the physical damage to earth damage." />
		<attribute key="effect" type="damage" combat="earth" value="10" />
		<attribute key="item" value="9686" count="0" />
	</imbuement>
	<imbuement name="Venom" base="2" subgroup=" (Earth)" category="0" iconid="7" premium="1" storage="0">
		<attribute key="description" value="Converts 25% of the physical damage to earth damage." />
		<attribute key="effect" type="damage" combat="earth" value="25" />
		<attribute key="item" value="9686" count="0" />
		<attribute key="item" value="9640" count="0" />
	</imbuement>
	<imbuement name="Venom" base="3" subgroup=" (Earth)" category="0" iconid="7" premium="1" storage="50492">
		<attribute key="description" value="Converts 50% of the physical damage to earth damage." />
		<attribute key="effect" type="damage" combat="earth" value="50" />
		<attribute key="item" value="9686" count="0" />
		<attribute key="item" value="9640" count="0" />
		<attribute key="item" value="21194" count="0" />
	</imbuement>
	<imbuement name="Frost" base="1" subgroup=" (Ice)" category="0" iconid="19" premium="0" storage="0">
		<attribute key="description" value="Converts 10% of the physical damage to ice damage." />
		<attribute key="effect" type="damage" combat="ice" value="10" />
		<attribute key="item" value="9661" count="0" />
	</imbuement>
	<imbuement name="Frost" base="2" subgroup=" (Ice)" category="0" iconid="19" premium="1" storage="0">
		<attribute key="description" value="Converts 25% of the physical damage to ice damage." />
		<attribute key="effect" type="damage" combat="ice" value="25" />
		<attribute key="item" value="9661" count="0" />
		<attribute key="item" value="21801" count="0" />
	</imbuement>
	<imbuement name="Frost" base="3" subgroup=" (Ice)" category="0" iconid="19" premium="1" storage="50496">
		<attribute key="description" value="Converts 50% of the physical damage to ice damage." />
		<attribute key="effect" type="damage" combat="ice" value="50" />
		<attribute key="item" value="9661" count="0" />
		<attribute key="item" value="21801" count="0" />
		<attribute key="item" value="9650" count="0" />
	</imbuement>
	<imbuement name="Electrify" base="1" subgroup=" (Energy)" category="0" iconid="10" premium="0" storage="0">
		<attribute key="description" value="Converts 10% of the physical damage to energy damage." />
		<attribute key="effect" type="damage" combat="energy" value="10" />
		<attribute key="item" value="18993" count="0" />
	</imbuement>
	<imbuement name="Electrify" base="2" subgroup=" (Energy)" category="0" iconid="10" premium="1" storage="0">
		<attribute key="description" value="Converts 25% of the physical damage to energy damage." />
		<attribute key="effect" type="damage" combat="energy" value="25" />
		<attribute key="item" value="18993" count="0" />
		<attribute key="item" value="21975" count="0" />
	</imbuement>
	<imbuement name="Electrify" base="3" subgroup=" (Energy)" category="0" iconid="10" premium="1" storage="50490">
		<attribute key="description" value="Converts 50% of the physical damage to energy damage." />
		<attribute key="effect" type="damage" combat="energy" value="50" />
		<attribute key="item" value="18993" count="0" />
		<attribute key="item" value="21975" count="0" />
		<attribute key="item" value="23508" count="0" />
	</imbuement>
	<imbuement name="Reap" base="1" subgroup=" (Death)" category="0" iconid="4" premium="0" storage="0">
		<attribute key="description" value="Converts 10% of the physical damage to death damage." />
		<attribute key="effect" type="damage" combat="death" value="10" />
		<attribute key="item" value="11484" count="0" />
	</imbuement>
	<imbuement name="Reap" base="2" subgroup=" (Death)" category="0" iconid="4" premium="1" storage="0">
		<attribute key="description" value="Converts 25% of the physical damage to death damage." />
		<attribute key="effect" type="damage" combat="death" value="25" />
		<attribute key="item" value="11484" count="0" />
		<attribute key="item" value="9647" count="0" />
	</imbuement>
	<imbuement name="Reap" base="3" subgroup=" (Death)" category="0" iconid="4" premium="1" storage="50488">
		<attribute key="description" value="Converts 50% of the physical damage to death damage." />
		<attribute key="effect" type="damage" combat="death" value="50" />
		<attribute key="item" value="11484" count="0" />
		<attribute key="item" value="9647" count="0" />
		<attribute key="item" value="10420" count="0" />
	</imbuement>
	<!-- Life leech Imbuement -->
	<imbuement name="Vampirism" base="1" category="1" iconid="46" premium="0" storage="0">
		<attribute key="description" value="Converts 5% of damage to HP with a chance of 100%." />
		<attribute key="effect" type="skill" value="lifeleech" bonus="500" chance="100" />
		<attribute key="item" value="9685" count="0" />
	</imbuement>
	<imbuement name="Vampirism" base="2" category="1" iconid="46" premium="1" storage="0">
		<attribute key="description" value="Converts 10% of damage to HP with a chance of 100%." />
		<attribute key="effect" type="skill" value="lifeleech" bonus="1000" chance="100" />
		<attribute key="item" value="9685" count="0" />
		<attribute key="item" value="9633" count="0" />
	</imbuement>
	<imbuement name="Vampirism" base="3" category="1" iconid="46" premium="1" storage="50488">
		<attribute key="description" value="Converts 25% of damage to HP with a chance of 100%." />
		<attribute key="effect" type="skill" value="lifeleech" bonus="2500" chance="100" />
		<attribute key="item" value="9685" count="0" />
		<attribute key="item" value="9633" count="0" />
		<attribute key="item" value="9663" count="0" />
	</imbuement>
	<!-- Mana Leech Imbuement -->
	<imbuement name="Void" base="1" category="2" iconid="49" premium="0" storage="0">
		<attribute key="description" value="Converts 3% of damage to MP with a chance of 100%." />
		<attribute key="effect" type="skill" value="manaleech" bonus="300" chance="100" />
		<attribute key="item" value="11492" count="0" />
	</imbuement>
	<imbuement name="Void" base="2" category="2" iconid="49" premium="1" storage="0">
		<attribute key="description" value="Converts 5% of damage to MP with a chance of 100%." />
		<attribute key="effect" type="skill" value="manaleech" bonus="500" chance="100" />
		<attribute key="item" value="11492" count="0" />
		<attribute key="item" value="20200" count="0" />
	</imbuement>
	<imbuement name="Void" base="3" category="2" iconid="49" premium="1" storage="50494">
		<attribute key="description" value="Converts 8% of damage to MP with a chance of 100%." />
		<attribute key="effect" type="skill" value="manaleech" bonus="800" chance="100" />
		<attribute key="item" value="11492" count="0" />
		<attribute key="item" value="20200" count="0" />
		<attribute key="item" value="22730" count="0" />
	</imbuement>
	<!-- Critical Imbuement -->
	<imbuement name="Strike" base="1" category="3" iconid="1" premium="0" storage="0">
		<attribute key="description" value="Raises crit hit damage by 15% and crit hit chance by 10%." />
		<attribute key="effect" type="skill" value="critical" bonus="1500" chance="1000" />
		<attribute key="item" value="11444" count="0" />
	</imbuement>
	<imbuement name="Strike" base="2" category="3" iconid="1" premium="1" storage="0">
		<attribute key="description" value="Raises crit hit damage by 25% and crit hit chance by 10%." />
		<attribute key="effect" type="skill" value="critical" bonus="2500" chance="1000" />
		<attribute key="item" value="11444" count="0" />
		<attribute key="item" value="10311" count="0" />
	</imbuement>
	<imbuement name="Strike" base="3" category="3" iconid="1" premium="1" storage="50501">
		<attribute key="description" value="Raises crit hit damage by 50% and crit hit chance by 10%." />
		<attribute key="effect" type="skill" value="critical" bonus="5000" chance="1000" />
		<attribute key="item" value="11444" count="0" />
		<attribute key="item" value="10311" count="0" />
		<attribute key="item" value="22728" count="0" />
	</imbuement>
	<!-- Protections Imbuements -->
	<imbuement name="Lich Shroud" base="1" category="4" iconid="25" premium="0" storage="0">
		<attribute key="description" value="Reduces death damage by 2%." />
		<attribute key="effect" type="reduction" combat="death" value="2" />
		<attribute key="item" value="11466" count="0" />
	</imbuement>
	<imbuement name="Lich Shroud" base="2" category="4" iconid="25" premium="1" storage="0">
		<attribute key="description" value="Reduces death damage by 5%." />
		<attribute key="effect" type="reduction" combat="death" value="5" />
		<attribute key="item" value="11466" count="0" />
		<attribute key="item" value="22007" count="0" />
	</imbuement>
	<imbuement name="Lich Shroud" base="3" category="4" iconid="25" premium="1" storage="50488">
		<attribute key="description" value="Reduces death damage by 10%." />
		<attribute key="effect" type="reduction" combat="death" value="10" />
		<attribute key="item" value="11466" count="0" />
		<attribute key="item" value="22007" count="0" />
		<attribute key="item" value="9660" count="0" />
	</imbuement>
	<imbuement name="Snake Skin" base="1" category="5" iconid="28" premium="0" storage="0">
		<attribute key="description" value="Reduces earth damage by 3%." />
		<attribute key="effect" type="reduction" combat="earth" value="3" />
		<attribute key="item" value="17823" count="0" />
	</imbuement>
	<imbuement name="Snake Skin" base="2" category="5" iconid="28" premium="1" storage="0">
		<attribute key="description" value="Reduces earth damage by 8%." />
		<attribute key="effect" type="reduction" combat="earth" value="8" />
		<attribute key="item" value="17823" count="0" />
		<attribute key="item" value="9694" count="0" />
	</imbuement>
	<imbuement name="Snake Skin" base="3" category="5" iconid="28" premium="1" storage="50492">
		<attribute key="description" value="Reduces earth damage by 15%." />
		<attribute key="effect" type="reduction" combat="earth" value="15" />
		<attribute key="item" value="17823" count="0" />
		<attribute key="item" value="9694" count="0" />
		<attribute key="item" value="11702" count="0" />
	</imbuement>
	<imbuement name="Dragon Hide" base="1" category="6" iconid="34" premium="0" storage="0">
		<attribute key="description" value="Reduces fire damage by 3%." />
		<attribute key="effect" type="reduction" combat="fire" value="3" />
		<attribute key="item" value="5877" count="0" />
	</imbuement>
	<imbuement name="Dragon Hide" base="2" category="6" iconid="34" premium="1" storage="0">
		<attribute key="description" value="Reduces fire damage by 8%." />
		<attribute key="effect" type="reduction" combat="fire" value="8" />
		<attribute key="item" value="5877" count="0" />
		<attribute key="item" value="16131" count="0" />
	</imbuement>
	<imbuement name="Dragon Hide" base="3" category="6" iconid="34" premium="1" storage="50494">
		<attribute key="description" value="Reduces fire damage by 15%." />
		<attribute key="effect" type="reduction" combat="fire" value="15" />
		<attribute key="item" value="5877" count="0" />
		<attribute key="item" value="16131" count="0" />
		<attribute key="item" value="11658" count="0" />
	</imbuement>
	<imbuement name="Quara Scale" base="1" category="7" iconid="40" premium="0" storage="0">
		<attribute key="description" value="Reduces ice damage by 3%." />
		<attribute key="effect" type="reduction" combat="ice" value="3" />
		<attribute key="item" value="10295" count="0" />
	</imbuement>
	<imbuement name="Quara Scale" base="2" category="7" iconid="40" premium="1" storage="0">
		<attribute key="description" value="Reduces ice damage by 8%." />
		<attribute key="effect" type="reduction" combat="ice" value="8" />
		<attribute key="item" value="10295" count="0" />
		<attribute key="item" value="10307" count="0" />
	</imbuement>
	<imbuement name="Quara Scale" base="3" category="7" iconid="40" premium="1" storage="50496">
		<attribute key="description" value="Reduces ice damage by 15%." />
		<attribute key="effect" type="reduction" combat="ice" value="15" />
		<attribute key="item" value="10295" count="0" />
		<attribute key="item" value="10307" count="0" />
		<attribute key="item" value="14012" count="0" />
	</imbuement>
	<imbuement name="Cloud Fabric" base="1" category="8" iconid="31" premium="0" storage="0">
		<attribute key="description" value="Reduces energy damage by 3%." />
		<attribute key="effect" type="reduction" combat="energy" value="3" />
		<attribute key="item" value="9644" count="0" />
	</imbuement>
	<imbuement name="Cloud Fabric" base="2" category="8" iconid="31" premium="1" storage="0">
		<attribute key="description" value="Reduces energy damage by 8%." />
		<attribute key="effect" type="reduction" combat="energy" value="8" />
		<attribute key="item" value="9644" count="0" />
		<attribute key="item" value="14079" count="0" />
	</imbuement>
	<imbuement name="Cloud Fabric" base="3" category="8" iconid="31" premium="1" storage="50490">
		<attribute key="description" value="Reduces energy damage by 15%." />
		<attribute key="effect" type="reduction" combat="energy" value="15" />
		<attribute key="item" value="9644" count="0" />
		<attribute key="item" value="14079" count="0" />
		<attribute key="item" value="9665" count="0" />
	</imbuement>
	<imbuement name="Demon Presence" base="1" category="9" iconid="37" premium="0" storage="0">
		<attribute key="description" value="Reduces holy damage by 3%." />
		<attribute key="effect" type="reduction" combat="holy" value="3" />
		<attribute key="item" value="9639" count="0" />
	</imbuement>
	<imbuement name="Demon Presence" base="2" category="9" iconid="37" premium="1" storage="0">
		<attribute key="description" value="Reduces holy damage by 8%." />
		<attribute key="effect" type="reduction" combat="holy" value="8" />
		<attribute key="item" value="9639" count="0" />
		<attribute key="item" value="9638" count="0" />
	</imbuement>
	<imbuement name="Demon Presence" base="3" category="9" iconid="37" premium="1" storage="50498">
		<attribute key="description" value="Reduces holy damage by 15%." />
		<attribute key="effect" type="reduction" combat="holy" value="15" />
		<attribute key="item" value="9639" count="0" />
		<attribute key="item" value="9638" count="0" />
		<attribute key="item" value="10304" count="0" />
	</imbuement>
	<!-- Speed Imbuement -->
	<imbuement name="Swiftness" base="1" category="10" iconid="73" premium="0" storage="0">
		<attribute key="description" value="Raises walking speed by 10." />
		<attribute key="effect" type="speed" value="10" />
		<attribute key="item" value="17458" count="0" />
	</imbuement>
	<imbuement name="Swiftness" base="2" category="10" iconid="73" premium="1" storage="0">
		<attribute key="description" value="Raises walking speed by 15." />
		<attribute key="effect" type="speed" value="15" />
		<attribute key="item" value="17458" count="0" />
		<attribute key="item" value="10302" count="0" />
	</imbuement>
	<imbuement name="Swiftness" base="3" category="10" iconid="73" premium="1" storage="50490">
		<attribute key="description" value="Raises walking speed by 30." />
		<attribute key="effect" type="speed" value="30" />
		<attribute key="item" value="17458" count="0" />
		<attribute key="item" value="10302" count="0" />
		<attribute key="item" value="14081" count="0" />
	</imbuement>
	<!-- Skills Imbuements -->
	<imbuement name="Chop" base="1" category="11" iconid="52" premium="0" storage="0">
		<attribute key="description" value="Raises axe fighting skill by 1." />
		<attribute key="effect" type="skill" value="axe" bonus="1" />
		<attribute key="item" value="10196" count="0" />
	</imbuement>
	<imbuement name="Chop" base="2" category="11" iconid="52" premium="1" storage="0">
		<attribute key="description" value="Raises axe fighting skill by 2." />
		<attribute key="effect" type="skill" value="axe" bonus="2" />
		<attribute key="item" value="10196" count="0" />
		<attribute key="item" value="11447" count="0" />
	</imbuement>
	<imbuement name="Chop" base="3" category="11" iconid="52" premium="1" storage="50492">
		<attribute key="description" value="Raises axe fighting skill by 4." />
		<attribute key="effect" type="skill" value="axe" bonus="4" />
		<attribute key="item" value="10196" count="0" />
		<attribute key="item" value="11447" count="0" />
		<attribute key="item" value="21200" count="0" />
	</imbuement>
	<imbuement name="Slash" base="1" category="12" iconid="70" premium="0" storage="0">
		<attribute key="description" value="Raises sword fighting skill by 1." />
		<attribute key="effect" type="skill" value="sword" bonus="1" />
		<attribute key="item" value="9691" count="0" />
	</imbuement>
	<imbuement name="Slash" base="2" category="12" iconid="70" premium="1" storage="0">
		<attribute key="description" value="Raises sword fighting skill by 2." />
		<attribute key="effect" type="skill" value="sword" bonus="2" />
		<attribute key="item" value="9691" count="0" />
		<attribute key="item" value="21202" count="0" />
	</imbuement>
	<imbuement name="Slash" base="3" category="12" iconid="70" premium="1" storage="50492">
		<attribute key="description" value="Raises sword fighting skill by 4." />
		<attribute key="effect" type="skill" value="sword" bonus="4" />
		<attribute key="item" value="9691" count="0" />
		<attribute key="item" value="21202" count="0" />
		<attribute key="item" value="9654" count="0" />
	</imbuement>
	<imbuement name="Bash" base="1" category="13" iconid="52" premium="0" storage="0">
		<attribute key="description" value="Raises club fighting skill by 1." />
		<attribute key="effect" type="skill" value="club" bonus="1" />
		<attribute key="item" value="9657" count="0" />
	</imbuement>
	<imbuement name="Bash" base="2" category="13" iconid="52" premium="1" storage="0">
		<attribute key="description" value="Raises club fighting skill by 2." />
		<attribute key="effect" type="skill" value="club" bonus="2" />
		<attribute key="item" value="9657" count="0" />
		<attribute key="item" value="22189" count="0" />
	</imbuement>
	<imbuement name="Bash" base="3" category="13" iconid="52" premium="1" storage="50492">
		<attribute key="description" value="Raises club fighting skill by 4." />
		<attribute key="effect" type="skill" value="club" bonus="4" />
		<attribute key="item" value="9657" count="0" />
		<attribute key="item" value="22189" count="0" />
		<attribute key="item" value="10405" count="0" />
	</imbuement>
	<imbuement name="Precision" base="1" category="15" iconid="58" premium="0" storage="0">
		<attribute key="description" value="Raises distance fighting skill by 1." />
		<attribute key="effect" type="skill" value="distance" bonus="1" />
		<attribute key="item" value="11464" count="0" />
	</imbuement>
	<imbuement name="Precision" base="2" category="15" iconid="58" premium="1" storage="0">
		<attribute key="description" value="Raises distance fighting skill by 2." />
		<attribute key="effect" type="skill" value="distance" bonus="2" />
		<attribute key="item" value="11464" count="0" />
		<attribute key="item" value="18994" count="0" />
	</imbuement>
	<imbuement name="Precision" base="3" category="15" iconid="58" premium="1" storage="50498">
		<attribute key="description" value="Raises distance fighting skill by 4." />
		<attribute key="effect" type="skill" value="distance" bonus="4" />
		<attribute key="item" value="11464" count="0" />
		<attribute key="item" value="18994" count="0" />
		<attribute key="item" value="10298" count="0" />
	</imbuement>
	<imbuement name="Blockade" base="1" category="14" iconid="67" premium="0" storage="0">
		<attribute key="description" value="Raises shielding skill by 1." />
		<attribute key="effect" type="skill" value="shield" bonus="1" />
		<attribute key="item" value="9641" count="0" />
	</imbuement>
	<imbuement name="Blockade" base="2" category="14" iconid="67" premium="1" storage="0">
		<attribute key="description" value="Raises shielding skill by 2." />
		<attribute key="effect" type="skill" value="shield" bonus="2" />
		<attribute key="item" value="9641" count="0" />
		<attribute key="item" value="11703" count="0" />
	</imbuement>
	<imbuement name="Blockade" base="3" category="14" iconid="67" premium="1" storage="50496">
		<attribute key="description" value="Raises shielding skill by 4." />
		<attribute key="effect" type="skill" value="shield" bonus="4" />
		<attribute key="item" value="9641" count="0" />
		<attribute key="item" value="11703" count="0" />
		<attribute key="item" value="20199" count="0" />
	</imbuement>
	<imbuement name="Epiphany" base="1" category="16" iconid="64" premium="0" storage="0">
		<attribute key="description" value="Raises magic level by 1." />
		<attribute key="effect" type="skill" value="magicpoints" bonus="1" />
		<attribute key="item" value="9635" count="0" />
	</imbuement>
	<imbuement name="Epiphany" base="2" category="16" iconid="64" premium="1" storage="0">
		<attribute key="description" value="Raises magic level by 2." />
		<attribute key="effect" type="skill" value="magicpoints" bonus="2" />
		<attribute key="item" value="9635" count="0" />
		<attribute key="item" value="11452" count="0" />
	</imbuement>
	<imbuement name="Epiphany" base="3" category="16" iconid="64" premium="1" storage="50501">
		<attribute key="description" value="Raises magic level by 4." />
		<attribute key="effect" type="skill" value="magicpoints" bonus="4" />
		<attribute key="item" value="9635" count="0" />
		<attribute key="item" value="11452" count="0" />
		<attribute key="item" value="10309" count="0" />
	</imbuement>
	<!-- Capacity Imbuement -->
	<imbuement name="Featherweight" base="1" category="17" iconid="76" premium="0" storage="0">
		<attribute key="description" value="Raises capacity by 3." />
		<attribute key="effect" type="capacity" value="3" />
		<attribute key="item" value="25694" count="0" />
	</imbuement>
	<imbuement name="Featherweight" base="2" category="17" iconid="77" premium="1" storage="0">
		<attribute key="description" value="Raises capacity by 8." />
		<attribute key="effect" type="capacity" value="8" />
		<attribute key="item" value="25694" count="0" />
		<attribute key="item" value="25702" count="0" />
	</imbuement>
	<imbuement name="Featherweight" base="3" category="17" iconid="75" premium="1" storage="0">
		<attribute key="description" value="Raises capacity by 15." />
		<attribute key="effect" type="capacity" value="15" />
		<attribute key="item" value="25694" count="0" />
		<attribute key="item" value="25702" count="0" />
		<attribute key="item" value="20205" count="0" />
	</imbuement>
	<imbuement name="Featherweight" base="4" category="17" iconid="75" premium="1" storage="0">
		<attribute key="description" value="Raises capacity by 50." />
		<attribute key="effect" type="capacity" value="50" />
		<attribute key="item" value="25694" count="0" />
		<attribute key="item" value="25702" count="0" />
		<attribute key="item" value="20205" count="0" />
	</imbuement>	
</imbuements>
